[
    {
        "kind": "calendar#event",
        "etag": "\"3286737748482000\"",
        "id": "7a4dtrgs0jm6djeon2h9ca8p5r",
        "status": "confirmed",
        "htmlLink": "https://www.google.com/calendar/event?eid=N2E0ZHRyZ3Mwam02ZGplb24yaDljYThwNXIgbWFiYXNhcGF0aWVuY2UzQG0",
        "created": "2022-01-28T11:21:14.000Z",
        "updated": "2022-01-28T11:21:14.241Z",
        "summary": "hhh",
        "creator": {
            "email": "mabasapatience3@gmail.com",
            "self": true
        },
        "organizer": {
            "email": "mabasapatience3@gmail.com",
            "self": true
        },
        "start": {
            "dateTime": "2022-02-03T02:00:00+02:00",
            "timeZone": "Africa/Johannesburg"
        },
        "end": {
            "dateTime": "2022-02-03T03:00:00+02:00",
            "timeZone": "Africa/Johannesburg"
        },
        "iCalUID": "7a4dtrgs0jm6djeon2h9ca8p5r@google.com",
        "sequence": 0,
        "reminders": {
            "useDefault": true
        },
        "eventType": "default"
    },
    {
        "kind": "calendar#event",
        "etag": "\"3287270065506000\"",
        "id": "7pl5sji29dqgbnju3l4bd0t5av",
        "status": "confirmed",
        "htmlLink": "https://www.google.com/calendar/event?eid=N3BsNXNqaTI5ZHFnYm5qdTNsNGJkMHQ1YXYgbWFiYXNhcGF0aWVuY2UzQG0",
        "created": "2022-01-31T13:12:28.000Z",
        "updated": "2022-01-31T13:17:12.753Z",
        "summary": "fff",
        "creator": {
            "email": "mabasapatience3@gmail.com",
            "self": true
        },
        "organizer": {
            "email": "mabasapatience3@gmail.com",
            "self": true
        },
        "start": {
            "dateTime": "2022-02-04T17:00:00+02:00",
            "timeZone": "Africa/Johannesburg"
        },
        "end": {
            "dateTime": "2022-02-04T18:00:00+02:00",
            "timeZone": "Africa/Johannesburg"
        },
        "iCalUID": "7pl5sji29dqgbnju3l4bd0t5av@google.com",
        "sequence": 0,
        "reminders": {
            "useDefault": true
        },
        "eventType": "default"
    }
]