[{"kind": "calendar#event", "etag": "\"3292612636620000\"", "id": "be2omh8fse0ljah632e906gmf4_20220306T100000Z", "status": "confirmed", "htmlLink": "https://www.google.com/calendar/event?eid=YmUyb21oOGZzZTBsamFoNjMyZTkwNmdtZjRfMjAyMjAzMDZUMTAwMDAwWiBwbWFiYXNhMDIxQHN0dWRlbnQud2V0aGlua2NvZGUuY28uemE", "created": "2022-03-03T11:11:21.000Z", "updated": "2022-03-03T11:25:55.290Z", "summary": "Code clinic with miracle", "location": "wethinkconde_", "creator": {"email": "pmabasa021@student.wethinkcode.co.za", "self": true}, "organizer": {"email": "pmabasa021@student.wethinkcode.co.za", "self": true}, "start": {"dateTime": "2022-03-06T12:00:00+02:00", "timeZone": "Africa/Johannesburg"}, "end": {"dateTime": "2022-03-06T12:30:00+02:00", "timeZone": "Africa/Johannesburg"}, "recurringEventId": "be2omh8fse0ljah632e906gmf4", "originalStartTime": {"dateTime": "2022-03-06T12:00:00+02:00", "timeZone": "Africa/Johannesburg"}, "iCalUID": "be2omh8fse0ljah632e906gmf4@google.com", "sequence": 0, "attendees": [{"email": "codeclinicsystem@gmail.com", "responseStatus": "declined"}], "reminders": {"useDefault": false, "overrides": [{"method": "popup", "minutes": 10}, {"method": "email", "minutes": 1440}]}, "eventType": "default"}]