{"token": "ya29.A0ARrdaM_3g8fH-uzMSHKJwfKEwFmGAtnBuWLDCSYQRvU-y3CmZpY6rhoV6DMaLPacxRtQxkN1H_G3r-tTytsOHsbZ37S2xuNSuEdq00vxQpRfceM2CA_uenAkDrNjzBhCXPWXrQiNdy8lHrrL1dN-IX2gIkrt", "refresh_token": "1//03YAxKU0m5yjtCgYIARAAGAMSNwF-L9Ir6BQ2Nwmm8WG3cxy3YhV9p3wOKym28pkmeE2t7dDnCpNabWVjysxYnIgjSEgEmQHroOE", "token_uri": "https://oauth2.googleapis.com/token", "client_id": "551531694998-5vck5p0vsm644gi191kc6phl20ir3uhp.apps.googleusercontent.com", "client_secret": "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", "scopes": ["https://www.googleapis.com/auth/calendar"], "expiry": "2022-03-03T12:18:15.691324Z"}