[{"kind": "calendar#event", "etag": "\"3290194582566000\"", "id": "rt6s9ldp8229p6nnpifghmq1m8_20220220T120000Z", "status": "confirmed", "htmlLink": "https://www.google.com/calendar/event?eid=cnQ2czlsZHA4MjI5cDZubnBpZmdobXExbThfMjAyMjAyMjBUMTIwMDAwWiBjb2RlY2xpbmljc3lzdGVtQG0", "created": "2022-02-17T11:28:09.000Z", "updated": "2022-02-17T11:28:11.283Z", "summary": "Code clinic with Busang", "location": "wethinkconde_", "creator": {"email": "busmoshi021@student.wethinkcode.co.za"}, "organizer": {"email": "busmoshi021@student.wethinkcode.co.za"}, "start": {"dateTime": "2022-02-20T14:00:00+02:00", "timeZone": "Africa/Johannesburg"}, "end": {"dateTime": "2022-02-20T14:30:00+02:00", "timeZone": "Africa/Johannesburg"}, "recurringEventId": "rt6s9ldp8229p6nnpifghmq1m8", "originalStartTime": {"dateTime": "2022-02-20T14:00:00+02:00", "timeZone": "Africa/Johannesburg"}, "iCalUID": "rt6s9ldp8229p6nnpifghmq1m8@google.com", "sequence": 0, "attendees": [{"email": "codeclinicsystem@gmail.com", "self": true, "responseStatus": "needsAction"}], "reminders": {"useDefault": true}, "eventType": "default"}, {"kind": "calendar#event", "etag": "\"3289988878418000\"", "id": "f3cmmgmev3sba0nammjq64reps", "status": "confirmed", "htmlLink": "https://www.google.com/calendar/event?eid=ZjNjbW1nbWV2M3NiYTBuYW1tanE2NHJlcHMgY29kZWNsaW5pY3N5c3RlbUBt", "created": "2022-02-16T06:53:58.000Z", "updated": "2022-02-16T06:53:59.209Z", "summary": "dd", "creator": {"email": "pmabasa021@student.wethinkcode.co.za"}, "organizer": {"email": "pmabasa021@student.wethinkcode.co.za"}, "start": {"dateTime": "2022-03-22T18:00:00+02:00", "timeZone": "Africa/Johannesburg"}, "end": {"dateTime": "2022-03-22T19:00:00+02:00", "timeZone": "Africa/Johannesburg"}, "iCalUID": "f3cmmgmev3sba0nammjq64reps@google.com", "sequence": 0, "attendees": [{"email": "codeclinicsystem@gmail.com", "self": true, "responseStatus": "needsAction"}], "reminders": {"useDefault": true}, "eventType": "default"}, {"kind": "calendar#event", "etag": "\"3289665999530000\"", "id": "k90as37v8cs8tvn5b6k9v6h5k4", "status": "confirmed", "htmlLink": "https://www.google.com/calendar/event?eid=azkwYXMzN3Y4Y3M4dHZuNWI2azl2Nmg1azQgY29kZWNsaW5pY3N5c3RlbUBt", "created": "2022-02-14T10:03:18.000Z", "updated": "2022-02-14T10:03:19.765Z", "summary": "test", "creator": {"email": "pmabasa021@student.wethinkcode.co.za"}, "organizer": {"email": "pmabasa021@student.wethinkcode.co.za"}, "start": {"dateTime": "2022-03-22T18:00:00+02:00", "timeZone": "Africa/Johannesburg"}, "end": {"dateTime": "2022-03-22T19:00:00+02:00", "timeZone": "Africa/Johannesburg"}, "iCalUID": "k90as37v8cs8tvn5b6k9v6h5k4@google.com", "sequence": 0, "attendees": [{"email": "codeclinicsystem@gmail.com", "self": true, "responseStatus": "needsAction"}], "reminders": {"useDefault": true}, "eventType": "default"}, {"kind": "calendar#event", "etag": "\"3289987223172000\"", "id": "qum4evlmf050ad9lo50d42qh5c", "status": "confirmed", "htmlLink": "https://www.google.com/calendar/event?eid=cXVtNGV2bG1mMDUwYWQ5bG81MGQ0MnFoNWMgY29kZWNsaW5pY3N5c3RlbUBt", "created": "2022-02-16T06:40:10.000Z", "updated": "2022-02-16T06:40:11.586Z", "summary": "2022-03-22", "creator": {"email": "pmabasa021@student.wethinkcode.co.za"}, "organizer": {"email": "pmabasa021@student.wethinkcode.co.za"}, "start": {"dateTime": "2022-03-22T18:00:00+02:00", "timeZone": "Africa/Johannesburg"}, "end": {"dateTime": "2022-03-22T19:00:00+02:00", "timeZone": "Africa/Johannesburg"}, "iCalUID": "qum4evlmf050ad9lo50d42qh5c@google.com", "sequence": 0, "attendees": [{"email": "codeclinicsystem@gmail.com", "self": true, "responseStatus": "needsAction"}], "reminders": {"useDefault": true}, "eventType": "default"}, {"kind": "calendar#event", "etag": "\"3289989350840000\"", "id": "tb3aehieahiivquc3pmm5kqfg0", "status": "confirmed", "htmlLink": "https://www.google.com/calendar/event?eid=dGIzYWVoaWVhaGlpdnF1YzNwbW01a3FmZzAgY29kZWNsaW5pY3N5c3RlbUBt", "created": "2022-02-16T06:57:54.000Z", "updated": "2022-02-16T06:57:55.420Z", "summary": "test", "creator": {"email": "pmabasa021@student.wethinkcode.co.za"}, "organizer": {"email": "pmabasa021@student.wethinkcode.co.za"}, "start": {"dateTime": "2022-03-22T18:00:00+02:00", "timeZone": "Africa/Johannesburg"}, "end": {"dateTime": "2022-03-22T19:00:00+02:00", "timeZone": "Africa/Johannesburg"}, "iCalUID": "tb3aehieahiivquc3pmm5kqfg0@google.com", "sequence": 0, "attendees": [{"email": "codeclinicsystem@gmail.com", "self": true, "responseStatus": "needsAction"}], "reminders": {"useDefault": true}, "eventType": "default"}, {"kind": "calendar#event", "etag": "\"3289668345022000\"", "id": "0lk6iai1d4o2db2pv5s7cgch1k", "status": "confirmed", "htmlLink": "https://www.google.com/calendar/event?eid=MGxrNmlhaTFkNG8yZGIycHY1czdjZ2NoMWsgY29kZWNsaW5pY3N5c3RlbUBt", "created": "2022-02-14T10:22:51.000Z", "updated": "2022-02-14T10:22:52.511Z", "summary": "left", "creator": {"email": "pmabasa021@student.wethinkcode.co.za"}, "organizer": {"email": "pmabasa021@student.wethinkcode.co.za"}, "start": {"dateTime": "2022-03-22T18:30:00+02:00", "timeZone": "Africa/Johannesburg"}, "end": {"dateTime": "2022-03-22T19:00:00+02:00", "timeZone": "Africa/Johannesburg"}, "iCalUID": "0lk6iai1d4o2db2pv5s7cgch1k@google.com", "sequence": 0, "attendees": [{"email": "codeclinicsystem@gmail.com", "self": true, "responseStatus": "needsAction"}], "reminders": {"useDefault": true}, "eventType": "default"}, {"kind": "calendar#event", "etag": "\"3289681018750000\"", "id": "ie89n3icn336q7suhv0807i82g", "status": "confirmed", "htmlLink": "https://www.google.com/calendar/event?eid=aWU4OW4zaWNuMzM2cTdzdWh2MDgwN2k4MmcgY29kZWNsaW5pY3N5c3RlbUBt", "created": "2022-02-14T12:08:24.000Z", "updated": "2022-02-14T12:08:29.375Z", "summary": "dd", "creator": {"email": "pmabasa021@student.wethinkcode.co.za"}, "organizer": {"email": "pmabasa021@student.wethinkcode.co.za"}, "start": {"dateTime": "2022-03-22T18:30:00+02:00", "timeZone": "Africa/Johannesburg"}, "end": {"dateTime": "2022-03-22T19:00:00+02:00", "timeZone": "Africa/Johannesburg"}, "iCalUID": "ie89n3icn336q7suhv0807i82g@google.com", "sequence": 0, "attendees": [{"email": "codeclinicsystem@gmail.com", "self": true, "responseStatus": "needsAction"}], "reminders": {"useDefault": true}, "eventType": "default"}]