[{"kind": "calendar#event", "etag": "\"3290103623753000\"", "id": "4iebnobb52c5kvatubrjo1b16g_20220220T110000Z", "status": "confirmed", "htmlLink": "https://www.google.com/calendar/event?eid=NGllYm5vYmI1MmM1a3ZhdHVicmpvMWIxNmdfMjAyMjAyMjBUMTEwMDAwWiBwbWFiYXNhMDIxQHN0dWRlbnQud2V0aGlua2NvZGUuY28uemE", "created": "2022-02-16T11:27:41.000Z", "updated": "2022-02-17T10:12:41.841Z", "summary": "Code clinic with pmabas", "description": "ounkl", "location": "wethinkconde_", "creator": {"email": "pmabasa021@student.wethinkcode.co.za", "self": true}, "organizer": {"email": "pmabasa021@student.wethinkcode.co.za", "self": true}, "start": {"dateTime": "2022-02-20T13:00:00+02:00", "timeZone": "Africa/Johannesburg"}, "end": {"dateTime": "2022-02-20T13:30:00+02:00", "timeZone": "Africa/Johannesburg"}, "recurringEventId": "4iebnobb52c5kvatubrjo1b16g", "originalStartTime": {"dateTime": "2022-02-20T13:00:00+02:00", "timeZone": "Africa/Johannesburg"}, "iCalUID": "4iebnobb52c5kvatubrjo1b16g@google.com", "sequence": 0, "attendees": [{"email": "codeclinicsystem@gmail.com", "responseStatus": "declined"}, {"email": "busmoshi021@student.wethinkcode.co.za", "responseStatus": "declined"}], "reminders": {"useDefault": false, "overrides": [{"method": "email", "minutes": 1440}, {"method": "popup", "minutes": 10}]}, "eventType": "default"}, {"kind": "calendar#event", "etag": "\"3290104267552000\"", "id": "4t8g9fbt2ovlsh82obcos4kaa8_20220220T110000Z", "status": "confirmed", "htmlLink": "https://www.google.com/calendar/event?eid=NHQ4ZzlmYnQyb3Zsc2g4Mm9iY29zNGthYThfMjAyMjAyMjBUMTEwMDAwWiBwbWFiYXNhMDIxQHN0dWRlbnQud2V0aGlua2NvZGUuY28uemE", "created": "2022-02-16T11:38:39.000Z", "updated": "2022-02-17T10:12:28.518Z", "summary": "Code clinic with pmabas", "description": "ounkl", "location": "wethinkconde_", "creator": {"email": "pmabasa021@student.wethinkcode.co.za", "self": true}, "organizer": {"email": "pmabasa021@student.wethinkcode.co.za", "self": true}, "start": {"dateTime": "2022-02-20T13:00:00+02:00", "timeZone": "Africa/Johannesburg"}, "end": {"dateTime": "2022-02-20T13:30:00+02:00", "timeZone": "Africa/Johannesburg"}, "recurringEventId": "4t8g9fbt2ovlsh82obcos4kaa8", "originalStartTime": {"dateTime": "2022-02-20T13:00:00+02:00", "timeZone": "Africa/Johannesburg"}, "iCalUID": "4t8g9fbt2ovlsh82obcos4kaa8@google.com", "sequence": 0, "attendees": [{"email": "codeclinicsystem@gmail.com", "responseStatus": "declined"}], "reminders": {"useDefault": false, "overrides": [{"method": "email", "minutes": 1440}, {"method": "popup", "minutes": 10}]}, "eventType": "default"}, {"kind": "calendar#event", "etag": "\"3290103480623000\"", "id": "gfqgo6cci7ffqitdgpes3459ks_20220220T110000Z", "status": "confirmed", "htmlLink": "https://www.google.com/calendar/event?eid=Z2ZxZ282Y2NpN2ZmcWl0ZGdwZXMzNDU5a3NfMjAyMjAyMjBUMTEwMDAwWiBwbWFiYXNhMDIxQHN0dWRlbnQud2V0aGlua2NvZGUuY28uemE", "created": "2022-02-16T11:25:36.000Z", "updated": "2022-02-17T10:12:24.538Z", "summary": "Code clinic with pmabas", "description": "ounkl", "location": "wethinkconde_", "creator": {"email": "pmabasa021@student.wethinkcode.co.za", "self": true}, "organizer": {"email": "pmabasa021@student.wethinkcode.co.za", "self": true}, "start": {"dateTime": "2022-02-20T13:00:00+02:00", "timeZone": "Africa/Johannesburg"}, "end": {"dateTime": "2022-02-20T13:30:00+02:00", "timeZone": "Africa/Johannesburg"}, "recurringEventId": "gfqgo6cci7ffqitdgpes3459ks", "originalStartTime": {"dateTime": "2022-02-20T13:00:00+02:00", "timeZone": "Africa/Johannesburg"}, "iCalUID": "gfqgo6cci7ffqitdgpes3459ks@google.com", "sequence": 0, "attendees": [{"email": "codeclinicsystem@gmail.com", "responseStatus": "declined"}], "reminders": {"useDefault": false, "overrides": [{"method": "email", "minutes": 1440}, {"method": "popup", "minutes": 10}]}, "eventType": "default"}, {"kind": "calendar#event", "etag": "\"3290104716491000\"", "id": "ov8cv9eq3g81r5jlit0fdsuf90_20220220T110000Z", "status": "confirmed", "htmlLink": "https://www.google.com/calendar/event?eid=b3Y4Y3Y5ZXEzZzgxcjVqbGl0MGZkc3VmOTBfMjAyMjAyMjBUMTEwMDAwWiBwbWFiYXNhMDIxQHN0dWRlbnQud2V0aGlua2NvZGUuY28uemE", "created": "2022-02-16T11:45:50.000Z", "updated": "2022-02-17T10:12:46.189Z", "summary": "Code clinic with pmabas", "description": "ounkl", "location": "wethinkconde_", "creator": {"email": "pmabasa021@student.wethinkcode.co.za", "self": true}, "organizer": {"email": "pmabasa021@student.wethinkcode.co.za", "self": true}, "start": {"dateTime": "2022-02-20T13:00:00+02:00", "timeZone": "Africa/Johannesburg"}, "end": {"dateTime": "2022-02-20T13:30:00+02:00", "timeZone": "Africa/Johannesburg"}, "recurringEventId": "ov8cv9eq3g81r5jlit0fdsuf90", "originalStartTime": {"dateTime": "2022-02-20T13:00:00+02:00", "timeZone": "Africa/Johannesburg"}, "iCalUID": "ov8cv9eq3g81r5jlit0fdsuf90@google.com", "sequence": 0, "attendees": [{"email": "codeclinicsystem@gmail.com", "responseStatus": "declined"}], "reminders": {"useDefault": false, "overrides": [{"method": "email", "minutes": 1440}, {"method": "popup", "minutes": 10}]}, "eventType": "default"}, {"kind": "calendar#event", "etag": "\"3288614316376000\"", "id": "2r9b96grg6nevkcan2qsn7788t", "status": "confirmed", "htmlLink": "https://www.google.com/calendar/event?eid=MnI5Yjk2Z3JnNm5ldmtjYW4ycXNuNzc4OHQgcG1hYmFzYTAyMUBzdHVkZW50LndldGhpbmtjb2RlLmNvLnph", "created": "2022-02-08T07:59:03.000Z", "updated": "2022-02-08T07:59:18.188Z", "summary": " Tech Talk  With Hendrik Schalekamp", "creator": {"email": "gina@wethinkcode.co.za"}, "organizer": {"email": "c_b5ebg99vcgoea9s2e09nrgmbkg@group.calendar.google.com", "displayName": "Cohort 2021"}, "start": {"dateTime": "2022-02-25T12:00:00+02:00", "timeZone": "Africa/Johannesburg"}, "end": {"dateTime": "2022-02-25T13:00:00+02:00", "timeZone": "Africa/Johannesburg"}, "iCalUID": "2r9b96grg6nevkcan2qsn7788t@google.com", "sequence": 0, "attendees": [{"email": "pmabasa021@student.wethinkcode.co.za", "self": true, "responseStatus": "needsAction"}], "hangoutLink": "https://meet.google.com/qzr-nqkf-xkp", "conferenceData": {"entryPoints": [{"entryPointType": "video", "uri": "https://meet.google.com/qzr-nqkf-xkp", "label": "meet.google.com/qzr-nqkf-xkp"}, {"entryPointType": "more", "uri": "https://tel.meet/qzr-nqkf-xkp?pin=1050404254796", "pin": "1050404254796"}, {"regionCode": "ZA", "entryPointType": "phone", "uri": "tel:+27-10-823-1027", "label": "+27 10 823 1027", "pin": "923179063"}], "conferenceSolution": {"key": {"type": "hangoutsMeet"}, "name": "Google Meet", "iconUri": "https://fonts.gstatic.com/s/i/productlogos/meet_2020q4/v6/web-512dp/logo_meet_2020q4_color_2x_web_512dp.png"}, "conferenceId": "qzr-nqkf-xkp", "signature": "AKpSKUtcR1605n26Bc0ZE44KlCt0"}, "guestsCanInviteOthers": false, "guestsCanSeeOtherGuests": false, "reminders": {"useDefault": true}, "eventType": "default"}, {"kind": "calendar#event", "etag": "\"3288793754542000\"", "id": "1hiq8hrct7et6mq8vqk68lmq17", "status": "confirmed", "htmlLink": "https://www.google.com/calendar/event?eid=MWhpcThocmN0N2V0Nm1xOHZxazY4bG1xMTcgcG1hYmFzYTAyMUBzdHVkZW50LndldGhpbmtjb2RlLmNvLnph", "created": "2022-02-09T08:54:28.000Z", "updated": "2022-02-09T08:54:37.271Z", "summary": "Tech Talk Series With Gitlab: Part 1", "creator": {"email": "gina@wethinkcode.co.za"}, "organizer": {"email": "c_b5ebg99vcgoea9s2e09nrgmbkg@group.calendar.google.com", "displayName": "Cohort 2021"}, "start": {"dateTime": "2022-03-10T14:00:00+02:00", "timeZone": "Africa/Johannesburg"}, "end": {"dateTime": "2022-03-10T16:00:00+02:00", "timeZone": "Africa/Johannesburg"}, "iCalUID": "1hiq8hrct7et6mq8vqk68lmq17@google.com", "sequence": 0, "attendees": [{"email": "pmabasa021@student.wethinkcode.co.za", "self": true, "responseStatus": "needsAction"}], "hangoutLink": "https://meet.google.com/ahd-cxkp-skh", "conferenceData": {"entryPoints": [{"entryPointType": "video", "uri": "https://meet.google.com/ahd-cxkp-skh", "label": "meet.google.com/ahd-cxkp-skh"}, {"entryPointType": "more", "uri": "https://tel.meet/ahd-cxkp-skh?pin=2388127138380", "pin": "2388127138380"}, {"regionCode": "ZA", "entryPointType": "phone", "uri": "tel:+27-10-823-1022", "label": "+27 10 823 1022", "pin": "400333911"}], "conferenceSolution": {"key": {"type": "hangoutsMeet"}, "name": "Google Meet", "iconUri": "https://fonts.gstatic.com/s/i/productlogos/meet_2020q4/v6/web-512dp/logo_meet_2020q4_color_2x_web_512dp.png"}, "conferenceId": "ahd-cxkp-skh", "signature": "AKpSKUsea1ug2UbQJZgxuQq8Dayi"}, "guestsCanInviteOthers": false, "guestsCanSeeOtherGuests": false, "reminders": {"useDefault": true}, "eventType": "default"}, {"kind": "calendar#event", "etag": "\"3289988876514000\"", "id": "f3cmmgmev3sba0nammjq64reps", "status": "confirmed", "htmlLink": "https://www.google.com/calendar/event?eid=ZjNjbW1nbWV2M3NiYTBuYW1tanE2NHJlcHMgcG1hYmFzYTAyMUBzdHVkZW50LndldGhpbmtjb2RlLmNvLnph", "created": "2022-02-16T06:53:58.000Z", "updated": "2022-02-16T06:53:58.257Z", "summary": "dd", "creator": {"email": "pmabasa021@student.wethinkcode.co.za", "self": true}, "organizer": {"email": "pmabasa021@student.wethinkcode.co.za", "self": true}, "start": {"dateTime": "2022-03-22T18:00:00+02:00", "timeZone": "Africa/Johannesburg"}, "end": {"dateTime": "2022-03-22T19:00:00+02:00", "timeZone": "Africa/Johannesburg"}, "iCalUID": "f3cmmgmev3sba0nammjq64reps@google.com", "sequence": 0, "attendees": [{"email": "codeclinicsystem@gmail.com", "responseStatus": "needsAction"}], "reminders": {"useDefault": true}, "eventType": "default"}]