Batho,Urban Area,96892,-29.13694444,26.22972222,31-05-1993,,Free State,114,,192,2,16,DC17,Mangaung,,,FS172,,
Bathobatho,Group of huts,96893,-26.20166667,25.46805556,31-05-1972,,North West,104,,255,8,16,DC38,Ratlou,,,NW381,,
"Bathobatho Stad

",Post Office,117268,-26.2,25.966667,30-06-2006,60 km S of Mafikeng,North West,73,,406,8,8,DC38,Ditsobotla,,,NW384,,
Bathseba se Loop,Mouth,96894,-32.93888889,21.97916667,30-05-1986,,Western Cape,87,,43,9,16,DC5,Prince Albert,,,WC052,,
Bathurst,Town,96895,-33.49777778,26.81805556,31-05-1979,,Eastern Cape,111,,67,1,16,DC10,Ndlambe,,,EC105,,
Bathurst,Station,96896,-33.50444444,26.84305556,31-05-1979,,Eastern Cape,79,,67,1,16,DC10,Ndlambe,,,EC105,,
Bathurst Stream Dam,Dam,96897,-33.53611111,26.77916667,01-06-1998,,Eastern Cape,23,,67,1,16,DC10,Ndlambe,,,EC105,,
Batlhaping,Group of huts,96898,-27.54055556,24.77972222,31-05-1984,,North West,104,,254,8,16,DC39,Greater Taung,,,NW394,,
Batlharo,Group of huts,96899,-27.30722222,23.33388889,31-05-1973,,Northern Cape,104,,252,6,16,DC45,Ga-Segonyana,,,NC452,,
Batman's Kop,Kop,96900,-31.57583333,25.43916667,31-05-1976,,Eastern Cape,42,,73,1,16,DC13,Inxuba Yethemba,,,EC131,,
Batsata Cove,Bay,96901,-34.28388889,18.47166667,,,Western Cape,9,,5,9,16,CPT,Cape Town Metro,,Cape Town Metro,CPT,TESTING,Place of stones
Batsata Rock,Rock Outcrop,96902,-34.27638889,18.48555556,,,,99,,359,,16,,,,,,,
Batshana,Non Perennial,96903,-28.06972222,30.61444444,01-06-1981,,KwaZulu-Natal,88,,245,4,11,DC24,Nquthu,,,KZ242,,
Batshana,Group of huts,96904,-28.09222222,30.61305556,31-05-1999,,KwaZulu-Natal,104,,245,4,11,DC24,Nquthu,,,KZ242,,
Batshe,Mouth,96905,-28.34972222,30.57222222,01-06-1981,,KwaZulu-Natal,87,,245,4,11,DC24,Nquthu,,,KZ242,,
Batstone's Drift,Bridge,96906,-30.71416667,30.44222222,31-05-1996,,KwaZulu-Natal,93,,210,4,16,DC21,Hibiscus Coast,,,KZ216,,
Battery,Station,96907,-26.11583333,27.68638889,31-05-1995,,Gauteng,79,,284,3,16,DC48,Mogale City,,,GT481,,uj