Batho,Urban Area,96892,-29.13694444,26.22972222,31-05-1993,,Free State,114,,192,2,16,DC17,Mangaung,,,FS172,,
Bathurst,Town,96895,-33.49777778,26.81805556,31-05-1979,,Eastern Cape,111,,67,1,16,DC10,Ndlambe,,,EC105,,
Baviaanspoort,Town,96936,-25.67277778,28.35694444,31-05-1995,,Gauteng,111,,272,3,14,DC46,Nokeng tsa Taemane,,,GT02b1,,
Bayhead,Town,95208,-29.89138889,30.99138889,31-05-1989,,KwaZulu-Natal,111,,200,4,16,ETH,eThekwini Metro,,,ETH,,
Baynesfield,Town,95215,-29.75972222,30.35138889,31-05-1989,,KwaZulu-Natal,111,,135,4,16,DC22,Richmond,,,KZ227,,
Baysville,Urban Area,95217,-32.99527778,27.91444444,,,Eastern Cape,114,,62,1,16,DC12,Buffalo City,,,EC125,,
Bayswater,Urban Area,95218,-29.08194444,26.24,31-05-1993,,Free State,114,,192,2,16,DC17,Mangaung,,,FS172,,
Bayview,Town,95220,-29.92833333,30.91638889,31-05-1989,,KwaZulu-Natal,111,,203,4,16,ETH,eThekwini Metro,,,ETH,,
Bayview,Urban Area,95221,-34.1275,22.11555556,31-05-1982,,Western Cape,114,,21,9,16,DC4,Mossel Bay,,,WC043,,
Beachview,Town,95240,-33.99777778,25.32583333,31-05-1989,,Eastern Cape,111,,83,1,16,NMA,Nelson Mandela Metro,,,NMA,,
Beachwood,Town,95241,-29.78333333,31.04527778,,,KwaZulu-Natal,111,,200,4,16,ETH,eThekwini Metro,,,ETH,,